<metadata xml:lang="en"><Esri><CreaDate>20190624</CreaDate><CreaTime>16393900</CreaTime><ArcGISFormat>1.0</ArcGISFormat><SyncOnce>FALSE</SyncOnce><DataProperties><lineage><Process ToolSource="c:\program files (x86)\arcgis\desktop10.1\ArcToolbox\Toolboxes\Conversion Tools.tbx\RasterToPolygon" Date="20130308" Time="100351">RasterToPolygon B:\pacific\CNMI\UH_Mapping\SLRViewerPrep_CNMI.gdb\CNMI_slr_1ft B:\pacific\Guam\UH_mapping\SLRViewerPrep_Guam.gdb\CNMI_slr_1ft NO_SIMPLIFY Value</Process><Process ToolSource="c:\program files (x86)\arcgis\desktop10.1\ArcToolbox\Toolboxes\Data Management Tools.tbx\CopyFeatures" Date="20130308" Time="104909">CopyFeatures CNMI_slr_1ft B:\pacific\CNMI\UH_Mapping\SLRViewerPrep_CNMI.gdb\CNMI_slr_1ft_1 # 0 0 0</Process><Process ToolSource="c:\program files (x86)\arcgis\desktop10.4\ArcToolbox\Toolboxes\Data Management Tools.tbx\Project" Date="20180921" Time="135100">Project C:\temp\SLR_GAO_MergePolys\CNMI_slr_final_dist.gdb\CNMI_slr_1ft C:\temp\SLR_GAO_MergePolys\CNMI_reproject.gdb\CNMI_slr_1ft GEOGCS['GCS_North_American_1983',DATUM['D_North_American_1983',SPHEROID['GRS_1980',6378137.0,298.257222101]],PRIMEM['Greenwich',0.0],UNIT['Degree',0.0174532925199433]] # PROJCS['WGS_1984_UTM_Zone_55N',GEOGCS['GCS_WGS_1984',DATUM['D_WGS_1984',SPHEROID['WGS_1984',6378137.0,298.257223563]],PRIMEM['Greenwich',0.0],UNIT['Degree',0.0174532925199433]],PROJECTION['Transverse_Mercator'],PARAMETER['False_Easting',500000.0],PARAMETER['False_Northing',0.0],PARAMETER['Central_Meridian',147.0],PARAMETER['Scale_Factor',0.9996],PARAMETER['Latitude_Of_Origin',0.0],UNIT['Meter',1.0]] NO_PRESERVE_SHAPE # NO_VERTICAL</Process><Process ToolSource="c:\program files (x86)\arcgis\desktop10.4\ArcToolbox\Toolboxes\Data Management Tools.tbx\Merge" Date="20180921" Time="135950">Merge C:\temp\SLR_GAO_MergePolys\CNMI_slr_final_dist.gdb\CNMI_slr_1ft;C:\temp\SLR_GAO_MergePolys\Guam_slr_final_dist.gdb\Guam_slr_1ft;C:\temp\SLR_GAO_MergePolys\AmericanSamoa_slr_data_dist.gdb\AS_OfuOlosega_slr_1ft;C:\temp\SLR_GAO_MergePolys\AmericanSamoa_slr_data_dist.gdb\AS_Tau_slr_1ft;C:\temp\SLR_GAO_MergePolys\AmericanSamoa_slr_data_dist.gdb\AS_Tutuila_slr_1ft;C:\temp\SLR_GAO_MergePolys\HI_Hawaii_slr_final_dist.gdb\HI_Hawaii_slr_1ft;C:\temp\SLR_GAO_MergePolys\HI_Maui_slr_final_dist.gdb\HI_Maui_slr_1ft;C:\temp\SLR_GAO_MergePolys\HI_Molokai_slr_final_dist.gdb\HI_Molokai_slr_1ft;C:\temp\SLR_GAO_MergePolys\HI_Lanai_slr_final_dist.gdb\HI_Lanai_slr_1ft;C:\temp\SLR_GAO_MergePolys\HI_Oahu_slr_final_dist.gdb\HI_Oahu_slr_1ft;C:\temp\SLR_GAO_MergePolys\HI_Kauai_slr_final_dist.gdb\HI_Kauai_slr_1ft C:\temp\SLR_GAO_MergePolys\GAO_Request.gdb\Pacific_merged_slr_1ft "Id "Id" true true false 4 Long 0 0 ,First,#,C:\temp\SLR_GAO_MergePolys\CNMI_slr_final_dist.gdb\CNMI_slr_1ft,Id,-1,-1,C:\temp\SLR_GAO_MergePolys\Guam_slr_final_dist.gdb\Guam_slr_1ft,Id,-1,-1,C:\temp\SLR_GAO_MergePolys\AmericanSamoa_slr_data_dist.gdb\AS_OfuOlosega_slr_1ft,Id,-1,-1,C:\temp\SLR_GAO_MergePolys\AmericanSamoa_slr_data_dist.gdb\AS_Tau_slr_1ft,Id,-1,-1,C:\temp\SLR_GAO_MergePolys\AmericanSamoa_slr_data_dist.gdb\AS_Tutuila_slr_1ft,Id,-1,-1,C:\temp\SLR_GAO_MergePolys\HI_Hawaii_slr_final_dist.gdb\HI_Hawaii_slr_1ft,ID,-1,-1,C:\temp\SLR_GAO_MergePolys\HI_Maui_slr_final_dist.gdb\HI_Maui_slr_1ft,ID,-1,-1,C:\temp\SLR_GAO_MergePolys\HI_Molokai_slr_final_dist.gdb\HI_Molokai_slr_1ft,ID,-1,-1,C:\temp\SLR_GAO_MergePolys\HI_Lanai_slr_final_dist.gdb\HI_Lanai_slr_1ft,ID,-1,-1,C:\temp\SLR_GAO_MergePolys\HI_Oahu_slr_final_dist.gdb\HI_Oahu_slr_1ft,Id,-1,-1,C:\temp\SLR_GAO_MergePolys\HI_Kauai_slr_final_dist.gdb\HI_Kauai_slr_1ft,ID,-1,-1;grid_code "grid_code" true true false 4 Long 0 0 ,First,#,C:\temp\SLR_GAO_MergePolys\CNMI_slr_final_dist.gdb\CNMI_slr_1ft,grid_code,-1,-1;Shape_Length "Shape_Length" false true true 8 Double 0 0 ,First,#,C:\temp\SLR_GAO_MergePolys\CNMI_slr_final_dist.gdb\CNMI_slr_1ft,Shape_Length,-1,-1,C:\temp\SLR_GAO_MergePolys\Guam_slr_final_dist.gdb\Guam_slr_1ft,Shape_Length,-1,-1,C:\temp\SLR_GAO_MergePolys\AmericanSamoa_slr_data_dist.gdb\AS_OfuOlosega_slr_1ft,Shape_Length,-1,-1,C:\temp\SLR_GAO_MergePolys\AmericanSamoa_slr_data_dist.gdb\AS_Tau_slr_1ft,Shape_Length,-1,-1,C:\temp\SLR_GAO_MergePolys\AmericanSamoa_slr_data_dist.gdb\AS_Tutuila_slr_1ft,Shape_Length,-1,-1,C:\temp\SLR_GAO_MergePolys\HI_Hawaii_slr_final_dist.gdb\HI_Hawaii_slr_1ft,Shape_Length,-1,-1,C:\temp\SLR_GAO_MergePolys\HI_Maui_slr_final_dist.gdb\HI_Maui_slr_1ft,Shape_Length,-1,-1,C:\temp\SLR_GAO_MergePolys\HI_Molokai_slr_final_dist.gdb\HI_Molokai_slr_1ft,Shape_Length,-1,-1,C:\temp\SLR_GAO_MergePolys\HI_Lanai_slr_final_dist.gdb\HI_Lanai_slr_1ft,Shape_Length,-1,-1,C:\temp\SLR_GAO_MergePolys\HI_Oahu_slr_final_dist.gdb\HI_Oahu_slr_1ft,Shape_Length,-1,-1,C:\temp\SLR_GAO_MergePolys\HI_Kauai_slr_final_dist.gdb\HI_Kauai_slr_1ft,Shape_Length,-1,-1;Shape_Area "Shape_Area" false true true 8 Double 0 0 ,First,#,C:\temp\SLR_GAO_MergePolys\CNMI_slr_final_dist.gdb\CNMI_slr_1ft,Shape_Area,-1,-1,C:\temp\SLR_GAO_MergePolys\Guam_slr_final_dist.gdb\Guam_slr_1ft,Shape_Area,-1,-1,C:\temp\SLR_GAO_MergePolys\AmericanSamoa_slr_data_dist.gdb\AS_OfuOlosega_slr_1ft,Shape_Area,-1,-1,C:\temp\SLR_GAO_MergePolys\AmericanSamoa_slr_data_dist.gdb\AS_Tau_slr_1ft,Shape_Area,-1,-1,C:\temp\SLR_GAO_MergePolys\AmericanSamoa_slr_data_dist.gdb\AS_Tutuila_slr_1ft,Shape_Area,-1,-1,C:\temp\SLR_GAO_MergePolys\HI_Hawaii_slr_final_dist.gdb\HI_Hawaii_slr_1ft,Shape_Area,-1,-1,C:\temp\SLR_GAO_MergePolys\HI_Maui_slr_final_dist.gdb\HI_Maui_slr_1ft,Shape_Area,-1,-1,C:\temp\SLR_GAO_MergePolys\HI_Molokai_slr_final_dist.gdb\HI_Molokai_slr_1ft,Shape_Area,-1,-1,C:\temp\SLR_GAO_MergePolys\HI_Lanai_slr_final_dist.gdb\HI_Lanai_slr_1ft,Shape_Area,-1,-1,C:\temp\SLR_GAO_MergePolys\HI_Oahu_slr_final_dist.gdb\HI_Oahu_slr_1ft,Shape_Area,-1,-1,C:\temp\SLR_GAO_MergePolys\HI_Kauai_slr_final_dist.gdb\HI_Kauai_slr_1ft,Shape_Area,-1,-1;gridcode "gridcode" true true false 4 Long 0 0 ,First,#,C:\temp\SLR_GAO_MergePolys\Guam_slr_final_dist.gdb\Guam_slr_1ft,gridcode,-1,-1,C:\temp\SLR_GAO_MergePolys\AmericanSamoa_slr_data_dist.gdb\AS_OfuOlosega_slr_1ft,gridcode,-1,-1,C:\temp\SLR_GAO_MergePolys\AmericanSamoa_slr_data_dist.gdb\AS_Tau_slr_1ft,gridcode,-1,-1,C:\temp\SLR_GAO_MergePolys\AmericanSamoa_slr_data_dist.gdb\AS_Tutuila_slr_1ft,gridcode,-1,-1,C:\temp\SLR_GAO_MergePolys\HI_Hawaii_slr_final_dist.gdb\HI_Hawaii_slr_1ft,GRIDCODE,-1,-1,C:\temp\SLR_GAO_MergePolys\HI_Maui_slr_final_dist.gdb\HI_Maui_slr_1ft,GRIDCODE,-1,-1,C:\temp\SLR_GAO_MergePolys\HI_Molokai_slr_final_dist.gdb\HI_Molokai_slr_1ft,GRIDCODE,-1,-1,C:\temp\SLR_GAO_MergePolys\HI_Lanai_slr_final_dist.gdb\HI_Lanai_slr_1ft,GRIDCODE,-1,-1,C:\temp\SLR_GAO_MergePolys\HI_Oahu_slr_final_dist.gdb\HI_Oahu_slr_1ft,gridcode,-1,-1,C:\temp\SLR_GAO_MergePolys\HI_Kauai_slr_final_dist.gdb\HI_Kauai_slr_1ft,GRIDCODE,-1,-1"</Process><Process ToolSource="c:\program files (x86)\arcgis\desktop10.4\ArcToolbox\Toolboxes\Data Management Tools.tbx\CopyFeatures" Date="20190625" Time="162405">CopyFeatures C:\temp\SLR_MergePolys\NOAA_OCM_SLR_Polygons_0619.gdb\Pacific_merged_slr_1ft C:\temp\SLR_MergePolys\Shps_0619\Pacific_merged_slr_1ft.shp # 0 0 0</Process></lineage><itemProps><itemName Sync="TRUE">Pacific_merged_slr_1ft</itemName><imsContentType Sync="TRUE">002</imsContentType><itemLocation><linkage Sync="TRUE">file://\\OCM-L-4331650\C$\temp\SLR_MergePolys\Shps_0619\Pacific_merged_slr_1ft.shp</linkage><protocol Sync="TRUE">Local Area Network</protocol></itemLocation><itemSize Sync="TRUE">0.000</itemSize></itemProps><coordRef><type Sync="TRUE">Geographic</type><geogcsn Sync="TRUE">GCS_North_American_1983</geogcsn><csUnits Sync="TRUE">Angular Unit: Degree (0.017453)</csUnits><peXml Sync="TRUE">&lt;GeographicCoordinateSystem xsi:type='typens:GeographicCoordinateSystem' xmlns:xsi='http://www.w3.org/2001/XMLSchema-instance' xmlns:xs='http://www.w3.org/2001/XMLSchema' xmlns:typens='http://www.esri.com/schemas/ArcGIS/10.4'&gt;&lt;WKT&gt;GEOGCS[&amp;quot;GCS_North_American_1983&amp;quot;,DATUM[&amp;quot;D_North_American_1983&amp;quot;,SPHEROID[&amp;quot;GRS_1980&amp;quot;,6378137.0,298.257222101]],PRIMEM[&amp;quot;Greenwich&amp;quot;,0.0],UNIT[&amp;quot;Degree&amp;quot;,0.0174532925199433],AUTHORITY[&amp;quot;EPSG&amp;quot;,4269]]&lt;/WKT&gt;&lt;XOrigin&gt;-400&lt;/XOrigin&gt;&lt;YOrigin&gt;-400&lt;/YOrigin&gt;&lt;XYScale&gt;11258999068426.238&lt;/XYScale&gt;&lt;ZOrigin&gt;-100000&lt;/ZOrigin&gt;&lt;ZScale&gt;10000&lt;/ZScale&gt;&lt;MOrigin&gt;-100000&lt;/MOrigin&gt;&lt;MScale&gt;10000&lt;/MScale&gt;&lt;XYTolerance&gt;8.9831528411952133e-009&lt;/XYTolerance&gt;&lt;ZTolerance&gt;0.001&lt;/ZTolerance&gt;&lt;MTolerance&gt;0.001&lt;/MTolerance&gt;&lt;HighPrecision&gt;true&lt;/HighPrecision&gt;&lt;LeftLongitude&gt;-180&lt;/LeftLongitude&gt;&lt;WKID&gt;4269&lt;/WKID&gt;&lt;LatestWKID&gt;4269&lt;/LatestWKID&gt;&lt;/GeographicCoordinateSystem&gt;</peXml></coordRef></DataProperties><SyncDate>20190625</SyncDate><SyncTime>16240500</SyncTime><ModDate>20190625</ModDate><ModTime>16240500</ModTime></Esri><dataIdInfo><envirDesc Sync="TRUE"> Version 6.2 (Build 9200) ; Esri ArcGIS 10.4.1.5686</envirDesc><dataLang><languageCode value="eng" Sync="TRUE"></languageCode><countryCode value="USA" Sync="TRUE"></countryCode></dataLang><idCitation><resTitle Sync="TRUE">Pacific_merged_slr_1ft</resTitle><presForm><PresFormCd value="005" Sync="TRUE"></PresFormCd></presForm></idCitation><spatRpType><SpatRepTypCd value="001" Sync="TRUE"></SpatRepTypCd></spatRpType></dataIdInfo><mdLang><languageCode value="eng" Sync="TRUE"></languageCode><countryCode value="USA" Sync="TRUE"></countryCode></mdLang><distInfo><distFormat><formatName Sync="TRUE">Shapefile</formatName></distFormat><distTranOps><transSize Sync="TRUE">0.000</transSize></distTranOps></distInfo><mdHrLv><ScopeCd value="005" Sync="TRUE"></ScopeCd></mdHrLv><mdHrLvName Sync="TRUE">dataset</mdHrLvName><refSysInfo><RefSystem><refSysID><identCode code="4269" Sync="TRUE"></identCode><idCodeSpace Sync="TRUE">EPSG</idCodeSpace><idVersion Sync="TRUE">6.12(3.0.1)</idVersion></refSysID></RefSystem></refSysInfo><spatRepInfo><VectSpatRep><geometObjs Name="Pacific_merged_slr_1ft"><geoObjTyp><GeoObjTypCd value="002" Sync="TRUE"></GeoObjTypCd></geoObjTyp><geoObjCnt Sync="TRUE">0</geoObjCnt></geometObjs><topLvl><TopoLevCd value="001" Sync="TRUE"></TopoLevCd></topLvl></VectSpatRep></spatRepInfo><spdoinfo><ptvctinf><esriterm Name="Pacific_merged_slr_1ft"><efeatyp Sync="TRUE">Simple</efeatyp><efeageom code="4" Sync="TRUE"></efeageom><esritopo Sync="TRUE">FALSE</esritopo><efeacnt Sync="TRUE">0</efeacnt><spindex Sync="TRUE">FALSE</spindex><linrefer Sync="TRUE">FALSE</linrefer></esriterm></ptvctinf></spdoinfo><eainfo><detailed Name="Pacific_merged_slr_1ft"><enttyp><enttypl Sync="TRUE">Pacific_merged_slr_1ft</enttypl><enttypt Sync="TRUE">Feature Class</enttypt><enttypc Sync="TRUE">0</enttypc></enttyp><attr><attrlabl Sync="TRUE">FID</attrlabl><attalias Sync="TRUE">FID</attalias><attrtype Sync="TRUE">OID</attrtype><attwidth Sync="TRUE">4</attwidth><atprecis Sync="TRUE">0</atprecis><attscale Sync="TRUE">0</attscale><attrdef Sync="TRUE">Internal feature number.</attrdef><attrdefs Sync="TRUE">Esri</attrdefs><attrdomv><udom Sync="TRUE">Sequential unique whole numbers that are automatically generated.</udom></attrdomv></attr><attr><attrlabl Sync="TRUE">Shape</attrlabl><attalias Sync="TRUE">Shape</attalias><attrtype Sync="TRUE">Geometry</attrtype><attwidth Sync="TRUE">0</attwidth><atprecis Sync="TRUE">0</atprecis><attscale Sync="TRUE">0</attscale><attrdef Sync="TRUE">Feature geometry.</attrdef><attrdefs Sync="TRUE">Esri</attrdefs><attrdomv><udom Sync="TRUE">Coordinates defining the features.</udom></attrdomv></attr><attr><attrlabl Sync="TRUE">Id</attrlabl><attalias Sync="TRUE">Id</attalias><attrtype Sync="TRUE">Integer</attrtype><attwidth Sync="TRUE">10</attwidth><atprecis Sync="TRUE">10</atprecis><attscale Sync="TRUE">0</attscale></attr><attr><attrlabl Sync="TRUE">grid_code</attrlabl><attalias Sync="TRUE">grid_code</attalias><attrtype Sync="TRUE">Integer</attrtype><attwidth Sync="TRUE">10</attwidth><atprecis Sync="TRUE">10</atprecis><attscale Sync="TRUE">0</attscale></attr><attr><attrlabl Sync="TRUE">gridcode</attrlabl><attalias Sync="TRUE">gridcode</attalias><attrtype Sync="TRUE">Integer</attrtype><attwidth Sync="TRUE">10</attwidth><atprecis Sync="TRUE">10</atprecis><attscale Sync="TRUE">0</attscale></attr><attr><attrlabl Sync="TRUE">Shape_Leng</attrlabl><attalias Sync="TRUE">Shape_Leng</attalias><attrtype Sync="TRUE">Double</attrtype><attwidth Sync="TRUE">19</attwidth><atprecis Sync="TRUE">0</atprecis><attscale Sync="TRUE">0</attscale></attr><attr><attrlabl Sync="TRUE">Shape_Area</attrlabl><attalias Sync="TRUE">Shape_Area</attalias><attrtype Sync="TRUE">Double</attrtype><attwidth Sync="TRUE">19</attwidth><atprecis Sync="TRUE">0</atprecis><attscale Sync="TRUE">0</attscale><attrdef Sync="TRUE">Area of feature in internal units squared.</attrdef><attrdefs Sync="TRUE">Esri</attrdefs><attrdomv><udom Sync="TRUE">Positive real numbers that are automatically generated.</udom></attrdomv></attr></detailed></eainfo><mdDateSt Sync="TRUE">20190625</mdDateSt></metadata>
